corpus,deployment,condition,n,correct_exact,accuracy,wilson_low,wilson_high,paired_cost_vs_original,paired_cost_low,paired_cost_high,mcnemar_p,mean_request_s,correct_per_minute
private,Q4_K_XL,original,117,103,0.880342,0.809134,0.927369,,,,,48.615,1.086517
private,Q4_K_XL,LLMLingua-2,117,83,0.709402,0.621519,0.783971,0.170940,0.080334,0.260662,0.000535053,86.488,0.492139
private,Q4_K_XL,stopword-rung,117,48,0.410256,0.325363,0.500856,0.470085,0.357102,0.565482,4.86956e-13,159.655,0.154179
private,Q4_K_XL,full-ladder,117,45,0.384615,0.301464,0.475102,0.495726,0.378732,0.592608,2.44273e-13,177.172,0.130252
private,EXL3-2.0bpw,original,117,106,0.905983,0.839464,0.946690,,,,,9.964,5.455469
private,EXL3-2.0bpw,LLMLingua-2,117,88,0.752137,0.666722,0.821521,0.153846,0.069056,0.239920,0.000912234,13.085,3.448948
private,EXL3-2.0bpw,stopword-rung,117,44,0.376068,0.293552,0.466464,0.529915,0.418126,0.621623,1.65023e-15,28.279,0.797902
private,EXL3-2.0bpw,full-ladder,117,43,0.367521,0.285668,0.457797,0.538462,0.423254,0.631973,3.42491e-15,27.843,0.791977
private,IQ2_S,original,117,104,0.888889,0.819146,0.933907,,,,,10.340,5.158084
private,IQ2_S,LLMLingua-2,117,84,0.717949,0.630489,0.791551,0.170940,0.083804,0.258196,0.000324914,13.274,3.245110
private,IQ2_S,stopword-rung,117,47,0.401709,0.317370,0.492298,0.487179,0.373537,0.582291,1.41953e-13,24.535,0.982377
private,IQ2_S,full-ladder,117,43,0.367521,0.285668,0.457797,0.521368,0.403546,0.617465,3.94726e-14,23.995,0.918988
WildChat,Q4_K_XL,original,120,105,0.875000,0.803971,0.922765,,,,,48.734,1.077275
WildChat,Q4_K_XL,LLMLingua-2,120,84,0.700000,0.612849,0.774744,0.175000,0.082327,0.265965,0.00050826,102.813,0.408509
WildChat,Q4_K_XL,stopword-rung,120,30,0.250000,0.181098,0.334411,0.625000,0.523750,0.702302,1.03232e-21,161.787,0.092715
WildChat,Q4_K_XL,full-ladder,120,30,0.250000,0.181098,0.334411,0.625000,0.523750,0.702302,1.03232e-21,180.108,0.083283
WildChat,EXL3-2.0bpw,original,120,101,0.841667,0.765907,0.896230,,,,,9.840,5.131910
WildChat,EXL3-2.0bpw,LLMLingua-2,120,76,0.633333,0.544224,0.714171,0.208333,0.108664,0.303516,0.000112221,15.709,2.418997
WildChat,EXL3-2.0bpw,stopword-rung,120,29,0.241667,0.173858,0.325501,0.600000,0.498339,0.678472,7.94093e-21,25.758,0.562939
WildChat,EXL3-2.0bpw,full-ladder,120,28,0.233333,0.166656,0.316554,0.608333,0.506703,0.686274,4.02341e-21,26.557,0.527170
WildChat,IQ2_S,original,120,103,0.858333,0.784805,0.909631,,,,,9.710,5.303541
WildChat,IQ2_S,LLMLingua-2,120,82,0.683333,0.595521,0.759772,0.175000,0.076318,0.270558,0.00106502,13.566,3.022330
WildChat,IQ2_S,stopword-rung,120,34,0.283333,0.210406,0.369702,0.575000,0.467101,0.660023,3.72567e-18,22.498,0.755613
WildChat,IQ2_S,full-ladder,120,30,0.250000,0.181098,0.334411,0.608333,0.500281,0.691347,2.72109e-19,24.078,0.622982
